43911,2020-03-21,4:57:00,7:09:31,2020-03-21T,04:57:00.000Z,07:09:31.000Z,2020-03-21T04:57:00.000Z,2020-03-21T07:09:31.000Z,,2020-10-19T11:04:00.000Z
44171,2020-12-06,3:40:00,5:08:37,2020-12-06T,03:40:00.000Z,05:08:37.000Z,2020-12-06T03:40:00.000Z,2020-12-06T05:08:37.000Z,,
44131,2020-10-27,16:00:00,17:38:19,2020-10-27T,16:00:00.000Z,17:38:19.000Z,2020-10-27T16:00:00.000Z,2020-10-27T17:38:19.000Z,,
44041,2020-07-29,9:56:00,10:14:38,2020-07-29T,09:56:00.000Z,10:14:38.000Z,2020-07-29T09:56:00.000Z,2020-07-29T10:14:38.000Z,,
43874,2020-02-13,0:10:00,1:38:13,2020-02-13T,00:10:00.000Z,01:38:13.000Z,2020-02-13T00:10:00.000Z,2020-02-13T01:38:13.000Z,,
44182,2020-12-17,18:16:00,20:39:53,2020-12-17T,18:16:00.000Z,20:39:53.000Z,2020-12-17T18:16:00.000Z,2020-12-17T20:39:53.000Z,,
44071,2020-08-28,6:09:00,8:06:41,2020-08-28T,06:09:00.000Z,08:06:41.000Z,2020-08-28T06:09:00.000Z,2020-08-28T08:06:41.000Z,,
44086,2020-09-12,0:56:00,2:47:02,2020-09-12T,00:56:00.000Z,02:47:02.000Z,2020-09-12T00:56:00.000Z,2020-09-12T02:47:02.000Z,,
44078,2020-09-04,7:49:00,9:25:25,2020-09-04T,07:49:00.000Z,09:25:25.000Z,2020-09-04T07:49:00.000Z,2020-09-04T09:25:25.000Z,,
43908,2020-03-18,7:15:00,9:14:33,2020-03-18T,07:15:00.000Z,09:14:33.000Z,2020-03-18T07:15:00.000Z,2020-03-18T09:14:33.000Z,,
43896,2020-03-06,4:55:00,5:33:09,2020-03-06T,04:55:00.000Z,05:33:09.000Z,2020-03-06T04:55:00.000Z,2020-03-06T05:33:09.000Z,,
43836,2020-01-06,12:35:00,14:19:45,2020-01-06T,12:35:00.000Z,14:19:45.000Z,2020-01-06T12:35:00.000Z,2020-01-06T14:19:45.000Z,,
44016,2020-07-04,12:53:00,12:54:13,2020-07-04T,12:53:00.000Z,12:54:13.000Z,2020-07-04T12:53:00.000Z,2020-07-04T12:54:13.000Z,,
43905,2020-03-15,1:22:00,3:02:56,2020-03-15T,01:22:00.000Z,03:02:56.000Z,2020-03-15T01:22:00.000Z,2020-03-15T03:02:56.000Z,,
44158,2020-11-23,15:18:00,15:21:46,2020-11-23T,15:18:00.000Z,15:21:46.000Z,2020-11-23T15:18:00.000Z,2020-11-23T15:21:46.000Z,,
44103,2020-09-29,7:01:00,7:31:26,2020-09-29T,07:01:00.000Z,07:31:26.000Z,2020-09-29T07:01:00.000Z,2020-09-29T07:31:26.000Z,,
44089,2020-09-15,13:58:00,14:46:53,2020-09-15T,13:58:00.000Z,14:46:53.000Z,2020-09-15T13:58:00.000Z,2020-09-15T14:46:53.000Z,,
43979,2020-05-28,0:39:00,1:58:48,2020-05-28T,00:39:00.000Z,01:58:48.000Z,2020-05-28T00:39:00.000Z,2020-05-28T01:58:48.000Z,,
43957,2020-05-06,19:37:00,22:00:23,2020-05-06T,19:37:00.000Z,22:00:23.000Z,2020-05-06T19:37:00.000Z,2020-05-06T22:00:23.000Z,,
43995,2020-06-13,11:55:00,14:00:04,2020-06-13T,11:55:00.000Z,14:00:04.000Z,2020-06-13T11:55:00.000Z,2020-06-13T14:00:04.000Z,,
43853,2020-01-23,11:44:00,13:09:48,2020-01-23T,11:44:00.000Z,13:09:48.000Z,2020-01-23T11:44:00.000Z,2020-01-23T13:09:48.000Z,,
43982,2020-05-31,12:30:00,12:45:17,2020-05-31T,12:30:00.000Z,12:45:17.000Z,2020-05-31T12:30:00.000Z,2020-05-31T12:45:17.000Z,,
43866,2020-02-05,10:08:00,12:19:01,2020-02-05T,10:08:00.000Z,12:19:01.000Z,2020-02-05T10:08:00.000Z,2020-02-05T12:19:01.000Z,,
44043,2020-07-31,21:52:00,23:44:14,2020-07-31T,21:52:00.000Z,23:44:14.000Z,2020-07-31T21:52:00.000Z,2020-07-31T23:44:14.000Z,,
44175,2020-12-10,16:58:00,18:13:20,2020-12-10T,16:58:00.000Z,18:13:20.000Z,2020-12-10T16:58:00.000Z,2020-12-10T18:13:20.000Z,,
44192,2020-12-27,21:27:00,22:46:45,2020-12-27T,21:27:00.000Z,22:46:45.000Z,2020-12-27T21:27:00.000Z,2020-12-27T22:46:45.000Z,,
44065,2020-08-22,16:38:00,18:19:17,2020-08-22T,16:38:00.000Z,18:19:17.000Z,2020-08-22T16:38:00.000Z,2020-08-22T18:19:17.000Z,,
43861,2020-01-31,11:32:00,13:55:50,2020-01-31T,11:32:00.000Z,13:55:50.000Z,2020-01-31T11:32:00.000Z,2020-01-31T13:55:50.000Z,,
43965,2020-05-14,13:40:00,15:53:54,2020-05-14T,13:40:00.000Z,15:53:54.000Z,2020-05-14T13:40:00.000Z,2020-05-14T15:53:54.000Z,,
43964,2020-05-13,17:06:00,17:15:57,2020-05-13T,17:06:00.000Z,17:15:57.000Z,2020-05-13T17:06:00.000Z,2020-05-13T17:15:57.000Z,,
44114,2020-10-10,14:19:00,16:11:00,2020-10-10T,14:19:00.000Z,16:11:00.000Z,2020-10-10T14:19:00.000Z,2020-10-10T16:11:00.000Z,,
44046,2020-08-03,18:39:00,18:57:18,2020-08-03T,18:39:00.000Z,18:57:18.000Z,2020-08-03T18:39:00.000Z,2020-08-03T18:57:18.000Z,,
44121,2020-10-17,17:52:00,18:05:59,2020-10-17T,17:52:00.000Z,18:05:59.000Z,2020-10-17T17:52:00.000Z,2020-10-17T18:05:59.000Z,,
43985,2020-06-03,16:54:00,18:16:59,2020-06-03T,16:54:00.000Z,18:16:59.000Z,2020-06-03T16:54:00.000Z,2020-06-03T18:16:59.000Z,,
44162,2020-11-27,11:29:00,13:06:45,2020-11-27T,11:29:00.000Z,13:06:45.000Z,2020-11-27T11:29:00.000Z,2020-11-27T13:06:45.000Z,,
44062,2020-08-19,21:37:00,22:37:31,2020-08-19T,21:37:00.000Z,22:37:31.000Z,2020-08-19T21:37:00.000Z,2020-08-19T22:37:31.000Z,,
43854,2020-01-24,16:23:00,18:25:18,2020-01-24T,16:23:00.000Z,18:25:18.000Z,2020-01-24T16:23:00.000Z,2020-01-24T18:25:18.000Z,,
43878,2020-02-17,18:04:00,18:49:31,2020-02-17T,18:04:00.000Z,18:49:31.000Z,2020-02-17T18:04:00.000Z,2020-02-17T18:49:31.000Z,,
44118,2020-10-14,14:34:00,16:12:33,2020-10-14T,14:34:00.000Z,16:12:33.000Z,2020-10-14T14:34:00.000Z,2020-10-14T16:12:33.000Z,,
44011,2020-06-29,7:51:00,10:05:26,2020-06-29T,07:51:00.000Z,10:05:26.000Z,2020-06-29T07:51:00.000Z,2020-06-29T10:05:26.000Z,,
43857,2020-01-27,19:18:00,21:10:59,2020-01-27T,19:18:00.000Z,21:10:59.000Z,2020-01-27T19:18:00.000Z,2020-01-27T21:10:59.000Z,,
44136,2020-11-01,18:12:00,19:51:57,2020-11-01T,18:12:00.000Z,19:51:57.000Z,2020-11-01T18:12:00.000Z,2020-11-01T19:51:57.000Z,,
43908,2020-03-18,7:12:00,9:07:35,2020-03-18T,07:12:00.000Z,09:07:35.000Z,2020-03-18T07:12:00.000Z,2020-03-18T09:07:35.000Z,,
43848,2020-01-18,6:53:00,7:21:36,2020-01-18T,06:53:00.000Z,07:21:36.000Z,2020-01-18T06:53:00.000Z,2020-01-18T07:21:36.000Z,,
44051,2020-08-08,8:32:00,8:55:48,2020-08-08T,08:32:00.000Z,08:55:48.000Z,2020-08-08T08:32:00.000Z,2020-08-08T08:55:48.000Z,,
44145,2020-11-10,7:16:00,9:27:44,2020-11-10T,07:16:00.000Z,09:27:44.000Z,2020-11-10T07:16:00.000Z,2020-11-10T09:27:44.000Z,,
43884,2020-02-23,2:17:00,3:54:57,2020-02-23T,02:17:00.000Z,03:54:57.000Z,2020-02-23T02:17:00.000Z,2020-02-23T03:54:57.000Z,,
43910,2020-03-20,21:12:00,23:27:14,2020-03-20T,21:12:00.000Z,23:27:14.000Z,2020-03-20T21:12:00.000Z,2020-03-20T23:27:14.000Z,,
44149,2020-11-14,9:50:00,12:09:33,2020-11-14T,09:50:00.000Z,12:09:33.000Z,2020-11-14T09:50:00.000Z,2020-11-14T12:09:33.000Z,,
44165,2020-11-30,1:05:00,3:14:37,2020-11-30T,01:05:00.000Z,03:14:37.000Z,2020-11-30T01:05:00.000Z,2020-11-30T03:14:37.000Z,,
44122,2020-10-18,9:18:00,11:30:33,2020-10-18T,09:18:00.000Z,11:30:33.000Z,2020-10-18T09:18:00.000Z,2020-10-18T11:30:33.000Z,,
44009,2020-06-27,22:44:00,23:29:55,2020-06-27T,22:44:00.000Z,23:29:55.000Z,2020-06-27T22:44:00.000Z,2020-06-27T23:29:55.000Z,,
43923,2020-04-02,20:09:00,21:35:22,2020-04-02T,20:09:00.000Z,21:35:22.000Z,2020-04-02T20:09:00.000Z,2020-04-02T21:35:22.000Z,,
44133,2020-10-29,20:16:00,22:39:09,2020-10-29T,20:16:00.000Z,22:39:09.000Z,2020-10-29T20:16:00.000Z,2020-10-29T22:39:09.000Z,,
43873,2020-02-12,23:35:00,0:19:59,2020-02-12T,23:35:00.000Z,00:19:59.000Z,2020-02-12T23:35:00.000Z,2020-02-12T00:19:59.000Z,,
44187,2020-12-22,2:06:00,2:38:38,2020-12-22T,02:06:00.000Z,02:38:38.000Z,2020-12-22T02:06:00.000Z,2020-12-22T02:38:38.000Z,,
44088,2020-09-14,2:24:00,4:13:10,2020-09-14T,02:24:00.000Z,04:13:10.000Z,2020-09-14T02:24:00.000Z,2020-09-14T04:13:10.000Z,,
43862,2020-02-01,21:40:00,23:57:03,2020-02-01T,21:40:00.000Z,23:57:03.000Z,2020-02-01T21:40:00.000Z,2020-02-01T23:57:03.000Z,,
43930,2020-04-09,5:48:00,6:55:32,2020-04-09T,05:48:00.000Z,06:55:32.000Z,2020-04-09T05:48:00.000Z,2020-04-09T06:55:32.000Z,,
44036,2020-07-24,2:37:00,2:50:38,2020-07-24T,02:37:00.000Z,02:50:38.000Z,2020-07-24T02:37:00.000Z,2020-07-24T02:50:38.000Z,,
43966,2020-05-15,7:20:00,9:40:12,2020-05-15T,07:20:00.000Z,09:40:12.000Z,2020-05-15T07:20:00.000Z,2020-05-15T09:40:12.000Z,,
44092,2020-09-18,15:15:00,16:57:50,2020-09-18T,15:15:00.000Z,16:57:50.000Z,2020-09-18T15:15:00.000Z,2020-09-18T16:57:50.000Z,,
44020,2020-07-08,10:30:00,11:24:11,2020-07-08T,10:30:00.000Z,11:24:11.000Z,2020-07-08T10:30:00.000Z,2020-07-08T11:24:11.000Z,,
44059,2020-08-16,18:57:00,20:45:35,2020-08-16T,18:57:00.000Z,20:45:35.000Z,2020-08-16T18:57:00.000Z,2020-08-16T20:45:35.000Z,,
44157,2020-11-22,4:10:00,4:52:35,2020-11-22T,04:10:00.000Z,04:52:35.000Z,2020-11-22T04:10:00.000Z,2020-11-22T04:52:35.000Z,,
44173,2020-12-08,18:31:00,19:38:12,2020-12-08T,18:31:00.000Z,19:38:12.000Z,2020-12-08T18:31:00.000Z,2020-12-08T19:38:12.000Z,,
43851,2020-01-21,23:40:00,0:30:43,2020-01-21T,23:40:00.000Z,00:30:43.000Z,2020-01-21T23:40:00.000Z,2020-01-21T00:30:43.000Z,,
44119,2020-10-15,10:39:00,12:37:39,2020-10-15T,10:39:00.000Z,12:37:39.000Z,2020-10-15T10:39:00.000Z,2020-10-15T12:37:39.000Z,,
44160,2020-11-25,22:07:00,23:39:57,2020-11-25T,22:07:00.000Z,23:39:57.000Z,2020-11-25T22:07:00.000Z,2020-11-25T23:39:57.000Z,,
43892,2020-03-02,12:15:00,13:24:53,2020-03-02T,12:15:00.000Z,13:24:53.000Z,2020-03-02T12:15:00.000Z,2020-03-02T13:24:53.000Z,,
43939,2020-04-18,13:32:00,15:43:54,2020-04-18T,13:32:00.000Z,15:43:54.000Z,2020-04-18T13:32:00.000Z,2020-04-18T15:43:54.000Z,,
43934,2020-04-13,23:06:00,23:25:38,2020-04-13T,23:06:00.000Z,23:25:38.000Z,2020-04-13T23:06:00.000Z,2020-04-13T23:25:38.000Z,,
43901,2020-03-11,10:37:00,11:24:09,2020-03-11T,10:37:00.000Z,11:24:09.000Z,2020-03-11T10:37:00.000Z,2020-03-11T11:24:09.000Z,,
44142,2020-11-07,2:59:00,3:37:17,2020-11-07T,02:59:00.000Z,03:37:17.000Z,2020-11-07T02:59:00.000Z,2020-11-07T03:37:17.000Z,,
43862,2020-02-01,21:20:00,21:29:40,2020-02-01T,21:20:00.000Z,21:29:40.000Z,2020-02-01T21:20:00.000Z,2020-02-01T21:29:40.000Z,,
43954,2020-05-03,10:35:00,12:15:20,2020-05-03T,10:35:00.000Z,12:15:20.000Z,2020-05-03T10:35:00.000Z,2020-05-03T12:15:20.000Z,,
43878,2020-02-17,21:41:00,22:09:53,2020-02-17T,21:41:00.000Z,22:09:53.000Z,2020-02-17T21:41:00.000Z,2020-02-17T22:09:53.000Z,,
44035,2020-07-23,0:36:00,1:39:12,2020-07-23T,00:36:00.000Z,01:39:12.000Z,2020-07-23T00:36:00.000Z,2020-07-23T01:39:12.000Z,,
43961,2020-05-10,1:18:00,2:26:27,2020-05-10T,01:18:00.000Z,02:26:27.000Z,2020-05-10T01:18:00.000Z,2020-05-10T02:26:27.000Z,,
43892,2020-03-02,19:43:00,21:20:40,2020-03-02T,19:43:00.000Z,21:20:40.000Z,2020-03-02T19:43:00.000Z,2020-03-02T21:20:40.000Z,,
44081,2020-09-07,2:45:00,2:46:46,2020-09-07T,02:45:00.000Z,02:46:46.000Z,2020-09-07T02:45:00.000Z,2020-09-07T02:46:46.000Z,,
44181,2020-12-16,22:46:00,1:05:42,2020-12-16T,22:46:00.000Z,01:05:42.000Z,2020-12-16T22:46:00.000Z,2020-12-16T01:05:42.000Z,,
44103,2020-09-29,3:37:00,3:48:30,2020-09-29T,03:37:00.000Z,03:48:30.000Z,2020-09-29T03:37:00.000Z,2020-09-29T03:48:30.000Z,,
43832,2020-01-02,11:53:00,14:10:10,2020-01-02T,11:53:00.000Z,14:10:10.000Z,2020-01-02T11:53:00.000Z,2020-01-02T14:10:10.000Z,,
44091,2020-09-17,3:47:00,4:42:56,2020-09-17T,03:47:00.000Z,04:42:56.000Z,2020-09-17T03:47:00.000Z,2020-09-17T04:42:56.000Z,,
43850,2020-01-20,2:34:00,2:55:01,2020-01-20T,02:34:00.000Z,02:55:01.000Z,2020-01-20T02:34:00.000Z,2020-01-20T02:55:01.000Z,,
44058,2020-08-15,22:36:00,0:02:17,2020-08-15T,22:36:00.000Z,00:02:17.000Z,2020-08-15T22:36:00.000Z,2020-08-15T00:02:17.000Z,,
44088,2020-09-14,12:09:00,13:43:24,2020-09-14T,12:09:00.000Z,13:43:24.000Z,2020-09-14T12:09:00.000Z,2020-09-14T13:43:24.000Z,,
44160,2020-11-25,15:44:00,18:06:11,2020-11-25T,15:44:00.000Z,18:06:11.000Z,2020-11-25T15:44:00.000Z,2020-11-25T18:06:11.000Z,,
43932,2020-04-11,7:46:00,9:47:30,2020-04-11T,07:46:00.000Z,09:47:30.000Z,2020-04-11T07:46:00.000Z,2020-04-11T09:47:30.000Z,,
43859,2020-01-29,3:50:00,4:55:01,2020-01-29T,03:50:00.000Z,04:55:01.000Z,2020-01-29T03:50:00.000Z,2020-01-29T04:55:01.000Z,,
43987,2020-06-05,21:08:00,21:49:23,2020-06-05T,21:08:00.000Z,21:49:23.000Z,2020-06-05T21:08:00.000Z,2020-06-05T21:49:23.000Z,,
44163,2020-11-28,11:24:00,12:08:51,2020-11-28T,11:24:00.000Z,12:08:51.000Z,2020-11-28T11:24:00.000Z,2020-11-28T12:08:51.000Z,,
44153,2020-11-18,5:26:00,6:50:38,2020-11-18T,05:26:00.000Z,06:50:38.000Z,2020-11-18T05:26:00.000Z,2020-11-18T06:50:38.000Z,,
43962,2020-05-11,7:35:00,8:59:07,2020-05-11T,07:35:00.000Z,08:59:07.000Z,2020-05-11T07:35:00.000Z,2020-05-11T08:59:07.000Z,,
44150,2020-11-15,18:23:00,20:25:11,2020-11-15T,18:23:00.000Z,20:25:11.000Z,2020-11-15T18:23:00.000Z,2020-11-15T20:25:11.000Z,,
43907,2020-03-17,23:36:00,1:14:00,2020-03-17T,23:36:00.000Z,01:14:00.000Z,2020-03-17T23:36:00.000Z,2020-03-17T01:14:00.000Z,,
43882,2020-02-21,1:09:00,3:17:06,2020-02-21T,01:09:00.000Z,03:17:06.000Z,2020-02-21T01:09:00.000Z,2020-02-21T03:17:06.000Z,,
43912,2020-03-22,17:06:00,18:48:53,2020-03-22T,17:06:00.000Z,18:48:53.000Z,2020-03-22T17:06:00.000Z,2020-03-22T18:48:53.000Z,,
44043,2020-07-31,6:41:00,7:54:33,2020-07-31T,06:41:00.000Z,07:54:33.000Z,2020-07-31T06:41:00.000Z,2020-07-31T07:54:33.000Z,,
43870,2020-02-09,20:41:00,22:45:26,2020-02-09T,20:41:00.000Z,22:45:26.000Z,2020-02-09T20:41:00.000Z,2020-02-09T22:45:26.000Z,,
44156,2020-11-21,22:36:00,23:29:58,2020-11-21T,22:36:00.000Z,23:29:58.000Z,2020-11-21T22:36:00.000Z,2020-11-21T23:29:58.000Z,,
44107,2020-10-03,1:17:00,2:26:04,2020-10-03T,01:17:00.000Z,02:26:04.000Z,2020-10-03T01:17:00.000Z,2020-10-03T02:26:04.000Z,,
44129,2020-10-25,19:51:00,20:37:33,2020-10-25T,19:51:00.000Z,20:37:33.000Z,2020-10-25T19:51:00.000Z,2020-10-25T20:37:33.000Z,,
44000,2020-06-18,7:24:00,9:29:57,2020-06-18T,07:24:00.000Z,09:29:57.000Z,2020-06-18T07:24:00.000Z,2020-06-18T09:29:57.000Z,,
44144,2020-11-09,17:41:00,18:08:53,2020-11-09T,17:41:00.000Z,18:08:53.000Z,2020-11-09T17:41:00.000Z,2020-11-09T18:08:53.000Z,,
43874,2020-02-13,15:04:00,17:27:41,2020-02-13T,15:04:00.000Z,17:27:41.000Z,2020-02-13T15:04:00.000Z,2020-02-13T17:27:41.000Z,,
44011,2020-06-29,5:32:00,6:37:18,2020-06-29T,05:32:00.000Z,06:37:18.000Z,2020-06-29T05:32:00.000Z,2020-06-29T06:37:18.000Z,,
44045,2020-08-02,13:06:00,14:06:35,2020-08-02T,13:06:00.000Z,14:06:35.000Z,2020-08-02T13:06:00.000Z,2020-08-02T14:06:35.000Z,,
43950,2020-04-29,20:05:00,20:36:19,2020-04-29T,20:05:00.000Z,20:36:19.000Z,2020-04-29T20:05:00.000Z,2020-04-29T20:36:19.000Z,,
44100,2020-09-26,7:20:00,8:08:45,2020-09-26T,07:20:00.000Z,08:08:45.000Z,2020-09-26T07:20:00.000Z,2020-09-26T08:08:45.000Z,,
44084,2020-09-10,20:26:00,21:32:51,2020-09-10T,20:26:00.000Z,21:32:51.000Z,2020-09-10T20:26:00.000Z,2020-09-10T21:32:51.000Z,,
44145,2020-11-10,12:24:00,13:38:56,2020-11-10T,12:24:00.000Z,13:38:56.000Z,2020-11-10T12:24:00.000Z,2020-11-10T13:38:56.000Z,,
44058,2020-08-15,8:18:00,9:32:53,2020-08-15T,08:18:00.000Z,09:32:53.000Z,2020-08-15T08:18:00.000Z,2020-08-15T09:32:53.000Z,,
43991,2020-06-09,12:36:00,13:34:09,2020-06-09T,12:36:00.000Z,13:34:09.000Z,2020-06-09T12:36:00.000Z,2020-06-09T13:34:09.000Z,,
43913,2020-03-23,0:30:00,0:47:54,2020-03-23T,00:30:00.000Z,00:47:54.000Z,2020-03-23T00:30:00.000Z,2020-03-23T00:47:54.000Z,,
44015,2020-07-03,6:54:00,8:45:29,2020-07-03T,06:54:00.000Z,08:45:29.000Z,2020-07-03T06:54:00.000Z,2020-07-03T08:45:29.000Z,,
44153,2020-11-18,15:11:00,16:43:49,2020-11-18T,15:11:00.000Z,16:43:49.000Z,2020-11-18T15:11:00.000Z,2020-11-18T16:43:49.000Z,,
43841,2020-01-11,19:57:00,21:40:32,2020-01-11T,19:57:00.000Z,21:40:32.000Z,2020-01-11T19:57:00.000Z,2020-01-11T21:40:32.000Z,,
44114,2020-10-10,6:42:00,7:18:55,2020-10-10T,06:42:00.000Z,07:18:55.000Z,2020-10-10T06:42:00.000Z,2020-10-10T07:18:55.000Z,,
43863,2020-02-02,12:42:00,14:37:10,2020-02-02T,12:42:00.000Z,14:37:10.000Z,2020-02-02T12:42:00.000Z,2020-02-02T14:37:10.000Z,,
44082,2020-09-08,8:57:00,9:19:22,2020-09-08T,08:57:00.000Z,09:19:22.000Z,2020-09-08T08:57:00.000Z,2020-09-08T09:19:22.000Z,,
44123,2020-10-19,1:03:00,2:34:16,2020-10-19T,01:03:00.000Z,02:34:16.000Z,2020-10-19T01:03:00.000Z,2020-10-19T02:34:16.000Z,,
43867,2020-02-06,19:35:00,19:51:56,2020-02-06T,19:35:00.000Z,19:51:56.000Z,2020-02-06T19:35:00.000Z,2020-02-06T19:51:56.000Z,,
43897,2020-03-07,1:45:00,2:31:44,2020-03-07T,01:45:00.000Z,02:31:44.000Z,2020-03-07T01:45:00.000Z,2020-03-07T02:31:44.000Z,,
44188,2020-12-23,10:31:00,12:51:18,2020-12-23T,10:31:00.000Z,12:51:18.000Z,2020-12-23T10:31:00.000Z,2020-12-23T12:51:18.000Z,,
44011,2020-06-29,14:12:00,15:14:32,2020-06-29T,14:12:00.000Z,15:14:32.000Z,2020-06-29T14:12:00.000Z,2020-06-29T15:14:32.000Z,,
44126,2020-10-22,14:29:00,16:26:44,2020-10-22T,14:29:00.000Z,16:26:44.000Z,2020-10-22T14:29:00.000Z,2020-10-22T16:26:44.000Z,,
44095,2020-09-21,10:00:00,11:03:23,2020-09-21T,10:00:00.000Z,11:03:23.000Z,2020-09-21T10:00:00.000Z,2020-09-21T11:03:23.000Z,,
44117,2020-10-13,0:38:00,0:38:32,2020-10-13T,00:38:00.000Z,00:38:32.000Z,2020-10-13T00:38:00.000Z,2020-10-13T00:38:32.000Z,,
43904,2020-03-14,3:32:00,5:36:23,2020-03-14T,03:32:00.000Z,05:36:23.000Z,2020-03-14T03:32:00.000Z,2020-03-14T05:36:23.000Z,,
43896,2020-03-06,6:35:00,7:13:54,2020-03-06T,06:35:00.000Z,07:13:54.000Z,2020-03-06T06:35:00.000Z,2020-03-06T07:13:54.000Z,,
44046,2020-08-03,5:37:00,6:51:27,2020-08-03T,05:37:00.000Z,06:51:27.000Z,2020-08-03T05:37:00.000Z,2020-08-03T06:51:27.000Z,,
43942,2020-04-21,4:07:00,5:23:45,2020-04-21T,04:07:00.000Z,05:23:45.000Z,2020-04-21T04:07:00.000Z,2020-04-21T05:23:45.000Z,,
44085,2020-09-11,3:23:00,4:42:54,2020-09-11T,03:23:00.000Z,04:42:54.000Z,2020-09-11T03:23:00.000Z,2020-09-11T04:42:54.000Z,,
44049,2020-08-06,9:34:00,10:00:01,2020-08-06T,09:34:00.000Z,10:00:01.000Z,2020-08-06T09:34:00.000Z,2020-08-06T10:00:01.000Z,,
44135,2020-10-31,22:41:00,23:20:56,2020-10-31T,22:41:00.000Z,23:20:56.000Z,2020-10-31T22:41:00.000Z,2020-10-31T23:20:56.000Z,,
44111,2020-10-07,23:50:00,2:04:07,2020-10-07T,23:50:00.000Z,02:04:07.000Z,2020-10-07T23:50:00.000Z,2020-10-07T02:04:07.000Z,,
44094,2020-09-20,10:34:00,12:39:25,2020-09-20T,10:34:00.000Z,12:39:25.000Z,2020-09-20T10:34:00.000Z,2020-09-20T12:39:25.000Z,,
44194,2020-12-29,16:05:00,17:26:54,2020-12-29T,16:05:00.000Z,17:26:54.000Z,2020-12-29T16:05:00.000Z,2020-12-29T17:26:54.000Z,,
43876,2020-02-15,4:05:00,5:21:29,2020-02-15T,04:05:00.000Z,05:21:29.000Z,2020-02-15T04:05:00.000Z,2020-02-15T05:21:29.000Z,,
44058,2020-08-15,3:58:00,4:16:02,2020-08-15T,03:58:00.000Z,04:16:02.000Z,2020-08-15T03:58:00.000Z,2020-08-15T04:16:02.000Z,,
44092,2020-09-18,1:57:00,3:31:50,2020-09-18T,01:57:00.000Z,03:31:50.000Z,2020-09-18T01:57:00.000Z,2020-09-18T03:31:50.000Z,,
44156,2020-11-21,9:49:00,10:35:54,2020-11-21T,09:49:00.000Z,10:35:54.000Z,2020-11-21T09:49:00.000Z,2020-11-21T10:35:54.000Z,,
44154,2020-11-19,7:02:00,7:11:58,2020-11-19T,07:02:00.000Z,07:11:58.000Z,2020-11-19T07:02:00.000Z,2020-11-19T07:11:58.000Z,,
44032,2020-07-20,21:58:00,22:50:01,2020-07-20T,21:58:00.000Z,22:50:01.000Z,2020-07-20T21:58:00.000Z,2020-07-20T22:50:01.000Z,,
44001,2020-06-19,10:56:00,11:54:56,2020-06-19T,10:56:00.000Z,11:54:56.000Z,2020-06-19T10:56:00.000Z,2020-06-19T11:54:56.000Z,,
44017,2020-07-05,8:28:00,9:12:16,2020-07-05T,08:28:00.000Z,09:12:16.000Z,2020-07-05T08:28:00.000Z,2020-07-05T09:12:16.000Z,,
44052,2020-08-09,2:36:00,3:07:31,2020-08-09T,02:36:00.000Z,03:07:31.000Z,2020-08-09T02:36:00.000Z,2020-08-09T03:07:31.000Z,,
44119,2020-10-15,6:40:00,8:28:33,2020-10-15T,06:40:00.000Z,08:28:33.000Z,2020-10-15T06:40:00.000Z,2020-10-15T08:28:33.000Z,,
43915,2020-03-25,12:16:00,13:03:49,2020-03-25T,12:16:00.000Z,13:03:49.000Z,2020-03-25T12:16:00.000Z,2020-03-25T13:03:49.000Z,,
43992,2020-06-10,10:17:00,11:23:34,2020-06-10T,10:17:00.000Z,11:23:34.000Z,2020-06-10T10:17:00.000Z,2020-06-10T11:23:34.000Z,,
44149,2020-11-14,4:54:00,6:14:26,2020-11-14T,04:54:00.000Z,06:14:26.000Z,2020-11-14T04:54:00.000Z,2020-11-14T06:14:26.000Z,,
43926,2020-04-05,19:17:00,19:34:02,2020-04-05T,19:17:00.000Z,19:34:02.000Z,2020-04-05T19:17:00.000Z,2020-04-05T19:34:02.000Z,,
44112,2020-10-08,10:44:00,12:44:20,2020-10-08T,10:44:00.000Z,12:44:20.000Z,2020-10-08T10:44:00.000Z,2020-10-08T12:44:20.000Z,,
43967,2020-05-16,3:25:00,4:36:11,2020-05-16T,03:25:00.000Z,04:36:11.000Z,2020-05-16T03:25:00.000Z,2020-05-16T04:36:11.000Z,,
44030,2020-07-18,14:17:00,14:59:10,2020-07-18T,14:17:00.000Z,14:59:10.000Z,2020-07-18T14:17:00.000Z,2020-07-18T14:59:10.000Z,,
43850,2020-01-20,18:24:00,19:48:50,2020-01-20T,18:24:00.000Z,19:48:50.000Z,2020-01-20T18:24:00.000Z,2020-01-20T19:48:50.000Z,,
44137,2020-11-02,17:04:00,19:16:40,2020-11-02T,17:04:00.000Z,19:16:40.000Z,2020-11-02T17:04:00.000Z,2020-11-02T19:16:40.000Z,,
43976,2020-05-25,12:54:00,14:14:51,2020-05-25T,12:54:00.000Z,14:14:51.000Z,2020-05-25T12:54:00.000Z,2020-05-25T14:14:51.000Z,,
44083,2020-09-09,4:21:00,6:14:26,2020-09-09T,04:21:00.000Z,06:14:26.000Z,2020-09-09T04:21:00.000Z,2020-09-09T06:14:26.000Z,,
44073,2020-08-30,0:56:00,2:11:21,2020-08-30T,00:56:00.000Z,02:11:21.000Z,2020-08-30T00:56:00.000Z,2020-08-30T02:11:21.000Z,,
44059,2020-08-16,19:52:00,22:13:56,2020-08-16T,19:52:00.000Z,22:13:56.000Z,2020-08-16T19:52:00.000Z,2020-08-16T22:13:56.000Z,,
43969,2020-05-18,12:30:00,13:43:19,2020-05-18T,12:30:00.000Z,13:43:19.000Z,2020-05-18T12:30:00.000Z,2020-05-18T13:43:19.000Z,,
44065,2020-08-22,10:46:00,12:36:14,2020-08-22T,10:46:00.000Z,12:36:14.000Z,2020-08-22T10:46:00.000Z,2020-08-22T12:36:14.000Z,,
44051,2020-08-08,1:08:00,1:35:11,2020-08-08T,01:08:00.000Z,01:35:11.000Z,2020-08-08T01:08:00.000Z,2020-08-08T01:35:11.000Z,,
44054,2020-08-11,23:46:00,1:02:47,2020-08-11T,23:46:00.000Z,01:02:47.000Z,2020-08-11T23:46:00.000Z,2020-08-11T01:02:47.000Z,,
44154,2020-11-19,12:07:00,12:26:57,2020-11-19T,12:07:00.000Z,12:26:57.000Z,2020-11-19T12:07:00.000Z,2020-11-19T12:26:57.000Z,,
44119,2020-10-15,22:54:00,0:29:12,2020-10-15T,22:54:00.000Z,00:29:12.000Z,2020-10-15T22:54:00.000Z,2020-10-15T00:29:12.000Z,,
44125,2020-10-21,7:20:00,9:06:19,2020-10-21T,07:20:00.000Z,09:06:19.000Z,2020-10-21T07:20:00.000Z,2020-10-21T09:06:19.000Z,,
43976,2020-05-25,15:30:00,16:13:12,2020-05-25T,15:30:00.000Z,16:13:12.000Z,2020-05-25T15:30:00.000Z,2020-05-25T16:13:12.000Z,,
43900,2020-03-10,12:04:00,12:05:32,2020-03-10T,12:04:00.000Z,12:05:32.000Z,2020-03-10T12:04:00.000Z,2020-03-10T12:05:32.000Z,,
44032,2020-07-20,20:25:00,21:56:42,2020-07-20T,20:25:00.000Z,21:56:42.000Z,2020-07-20T20:25:00.000Z,2020-07-20T21:56:42.000Z,,
43955,2020-05-04,0:04:00,2:23:23,2020-05-04T,00:04:00.000Z,02:23:23.000Z,2020-05-04T00:04:00.000Z,2020-05-04T02:23:23.000Z,,
44175,2020-12-10,5:16:00,5:57:12,2020-12-10T,05:16:00.000Z,05:57:12.000Z,2020-12-10T05:16:00.000Z,2020-12-10T05:57:12.000Z,,
44143,2020-11-08,18:57:00,19:38:00,2020-11-08T,18:57:00.000Z,19:38:00.000Z,2020-11-08T18:57:00.000Z,2020-11-08T19:38:00.000Z,,
43844,2020-01-14,9:36:00,11:25:18,2020-01-14T,09:36:00.000Z,11:25:18.000Z,2020-01-14T09:36:00.000Z,2020-01-14T11:25:18.000Z,,
44180,2020-12-15,18:40:00,19:32:00,2020-12-15T,18:40:00.000Z,19:32:00.000Z,2020-12-15T18:40:00.000Z,2020-12-15T19:32:00.000Z,,
44111,2020-10-07,12:01:00,12:29:48,2020-10-07T,12:01:00.000Z,12:29:48.000Z,2020-10-07T12:01:00.000Z,2020-10-07T12:29:48.000Z,,
43953,2020-05-02,5:24:00,5:37:25,2020-05-02T,05:24:00.000Z,05:37:25.000Z,2020-05-02T05:24:00.000Z,2020-05-02T05:37:25.000Z,,
44158,2020-11-23,19:42:00,21:42:00,2020-11-23T,19:42:00.000Z,21:42:00.000Z,2020-11-23T19:42:00.000Z,2020-11-23T21:42:00.000Z,,
44172,2020-12-07,10:21:00,12:33:13,2020-12-07T,10:21:00.000Z,12:33:13.000Z,2020-12-07T10:21:00.000Z,2020-12-07T12:33:13.000Z,,
44047,2020-08-04,19:59:00,21:55:46,2020-08-04T,19:59:00.000Z,21:55:46.000Z,2020-08-04T19:59:00.000Z,2020-08-04T21:55:46.000Z,,
43906,2020-03-16,2:18:00,4:34:46,2020-03-16T,02:18:00.000Z,04:34:46.000Z,2020-03-16T02:18:00.000Z,2020-03-16T04:34:46.000Z,,
44147,2020-11-12,11:48:00,12:45:47,2020-11-12T,11:48:00.000Z,12:45:47.000Z,2020-11-12T11:48:00.000Z,2020-11-12T12:45:47.000Z,,
44108,2020-10-04,22:46:00,23:24:52,2020-10-04T,22:46:00.000Z,23:24:52.000Z,2020-10-04T22:46:00.000Z,2020-10-04T23:24:52.000Z,,
44164,2020-11-29,18:09:00,19:51:46,2020-11-29T,18:09:00.000Z,19:51:46.000Z,2020-11-29T18:09:00.000Z,2020-11-29T19:51:46.000Z,,
43983,2020-06-01,4:06:00,5:46:02,2020-06-01T,04:06:00.000Z,05:46:02.000Z,2020-06-01T04:06:00.000Z,2020-06-01T05:46:02.000Z,,
44018,2020-07-06,18:57:00,19:54:05,2020-07-06T,18:57:00.000Z,19:54:05.000Z,2020-07-06T18:57:00.000Z,2020-07-06T19:54:05.000Z,,
43869,2020-02-08,15:02:00,16:25:14,2020-02-08T,15:02:00.000Z,16:25:14.000Z,2020-02-08T15:02:00.000Z,2020-02-08T16:25:14.000Z,,
43839,2020-01-09,0:00:00,0:00:17,2020-01-09T,00:00:00.000Z,00:00:17.000Z,2020-01-09T00:00:00.000Z,2020-01-09T00:00:17.000Z,,
43875,2020-02-14,4:25:00,5:33:13,2020-02-14T,04:25:00.000Z,05:33:13.000Z,2020-02-14T04:25:00.000Z,2020-02-14T05:33:13.000Z,,
44069,2020-08-26,11:46:00,14:04:19,2020-08-26T,11:46:00.000Z,14:04:19.000Z,2020-08-26T11:46:00.000Z,2020-08-26T14:04:19.000Z,,
44067,2020-08-24,7:12:00,8:55:27,2020-08-24T,07:12:00.000Z,08:55:27.000Z,2020-08-24T07:12:00.000Z,2020-08-24T08:55:27.000Z,,
44188,2020-12-23,15:14:00,16:04:43,2020-12-23T,15:14:00.000Z,16:04:43.000Z,2020-12-23T15:14:00.000Z,2020-12-23T16:04:43.000Z,,
44048,2020-08-05,12:45:00,13:21:29,2020-08-05T,12:45:00.000Z,13:21:29.000Z,2020-08-05T12:45:00.000Z,2020-08-05T13:21:29.000Z,,
44187,2020-12-22,14:12:00,16:24:34,2020-12-22T,14:12:00.000Z,16:24:34.000Z,2020-12-22T14:12:00.000Z,2020-12-22T16:24:34.000Z,,
43892,2020-03-02,11:15:00,11:51:19,2020-03-02T,11:15:00.000Z,11:51:19.000Z,2020-03-02T11:15:00.000Z,2020-03-02T11:51:19.000Z,,
44189,2020-12-24,5:37:00,5:39:37,2020-12-24T,05:37:00.000Z,05:39:37.000Z,2020-12-24T05:37:00.000Z,2020-12-24T05:39:37.000Z,,
44078,2020-09-04,18:39:00,19:32:16,2020-09-04T,18:39:00.000Z,19:32:16.000Z,2020-09-04T18:39:00.000Z,2020-09-04T19:32:16.000Z,,
43958,2020-05-07,14:50:00,15:51:15,2020-05-07T,14:50:00.000Z,15:51:15.000Z,2020-05-07T14:50:00.000Z,2020-05-07T15:51:15.000Z,,
44017,2020-07-05,4:33:00,6:10:53,2020-07-05T,04:33:00.000Z,06:10:53.000Z,2020-07-05T04:33:00.000Z,2020-07-05T06:10:53.000Z,,
44105,2020-10-01,21:55:00,22:28:49,2020-10-01T,21:55:00.000Z,22:28:49.000Z,2020-10-01T21:55:00.000Z,2020-10-01T22:28:49.000Z,,
43948,2020-04-27,23:47:00,1:15:35,2020-04-27T,23:47:00.000Z,01:15:35.000Z,2020-04-27T23:47:00.000Z,2020-04-27T01:15:35.000Z,,
43954,2020-05-03,11:23:00,11:57:54,2020-05-03T,11:23:00.000Z,11:57:54.000Z,2020-05-03T11:23:00.000Z,2020-05-03T11:57:54.000Z,,
44130,2020-10-26,6:42:00,7:51:20,2020-10-26T,06:42:00.000Z,07:51:20.000Z,2020-10-26T06:42:00.000Z,2020-10-26T07:51:20.000Z,,
43935,2020-04-14,21:01:00,22:17:52,2020-04-14T,21:01:00.000Z,22:17:52.000Z,2020-04-14T21:01:00.000Z,2020-04-14T22:17:52.000Z,,
44083,2020-09-09,22:32:00,23:23:17,2020-09-09T,22:32:00.000Z,23:23:17.000Z,2020-09-09T22:32:00.000Z,2020-09-09T23:23:17.000Z,,
43967,2020-05-16,17:40:00,18:10:54,2020-05-16T,17:40:00.000Z,18:10:54.000Z,2020-05-16T17:40:00.000Z,2020-05-16T18:10:54.000Z,,
44054,2020-08-11,11:02:00,12:05:41,2020-08-11T,11:02:00.000Z,12:05:41.000Z,2020-08-11T11:02:00.000Z,2020-08-11T12:05:41.000Z,,
44055,2020-08-12,19:58:00,21:05:10,2020-08-12T,19:58:00.000Z,21:05:10.000Z,2020-08-12T19:58:00.000Z,2020-08-12T21:05:10.000Z,,
43945,2020-04-24,4:36:00,5:03:30,2020-04-24T,04:36:00.000Z,05:03:30.000Z,2020-04-24T04:36:00.000Z,2020-04-24T05:03:30.000Z,,
43889,2020-02-28,15:46:00,16:40:29,2020-02-28T,15:46:00.000Z,16:40:29.000Z,2020-02-28T15:46:00.000Z,2020-02-28T16:40:29.000Z,,
43893,2020-03-03,17:21:00,19:10:48,2020-03-03T,17:21:00.000Z,19:10:48.000Z,2020-03-03T17:21:00.000Z,2020-03-03T19:10:48.000Z,,
44174,2020-12-09,7:21:00,7:55:33,2020-12-09T,07:21:00.000Z,07:55:33.000Z,2020-12-09T07:21:00.000Z,2020-12-09T07:55:33.000Z,,
44133,2020-10-29,8:00:00,9:31:55,2020-10-29T,08:00:00.000Z,09:31:55.000Z,2020-10-29T08:00:00.000Z,2020-10-29T09:31:55.000Z,,
44101,2020-09-27,9:48:00,10:22:35,2020-09-27T,09:48:00.000Z,10:22:35.000Z,2020-09-27T09:48:00.000Z,2020-09-27T10:22:35.000Z,,
44103,2020-09-29,20:22:00,21:27:17,2020-09-29T,20:22:00.000Z,21:27:17.000Z,2020-09-29T20:22:00.000Z,2020-09-29T21:27:17.000Z,,
44107,2020-10-03,3:27:00,5:16:41,2020-10-03T,03:27:00.000Z,05:16:41.000Z,2020-10-03T03:27:00.000Z,2020-10-03T05:16:41.000Z,,
44113,2020-10-09,10:02:00,10:54:24,2020-10-09T,10:02:00.000Z,10:54:24.000Z,2020-10-09T10:02:00.000Z,2020-10-09T10:54:24.000Z,,
44107,2020-10-03,20:39:00,22:21:50,2020-10-03T,20:39:00.000Z,22:21:50.000Z,2020-10-03T20:39:00.000Z,2020-10-03T22:21:50.000Z,,
43853,2020-01-23,1:23:00,2:37:30,2020-01-23T,01:23:00.000Z,02:37:30.000Z,2020-01-23T01:23:00.000Z,2020-01-23T02:37:30.000Z,,
43981,2020-05-30,19:52:00,21:17:38,2020-05-30T,19:52:00.000Z,21:17:38.000Z,2020-05-30T19:52:00.000Z,2020-05-30T21:17:38.000Z,,
44180,2020-12-15,3:53:00,4:56:29,2020-12-15T,03:53:00.000Z,04:56:29.000Z,2020-12-15T03:53:00.000Z,2020-12-15T04:56:29.000Z,,
43989,2020-06-07,4:29:00,5:00:45,2020-06-07T,04:29:00.000Z,05:00:45.000Z,2020-06-07T04:29:00.000Z,2020-06-07T05:00:45.000Z,,
44074,2020-08-31,16:44:00,17:43:42,2020-08-31T,16:44:00.000Z,17:43:42.000Z,2020-08-31T16:44:00.000Z,2020-08-31T17:43:42.000Z,,
44046,2020-08-03,6:57:00,7:43:26,2020-08-03T,06:57:00.000Z,07:43:26.000Z,2020-08-03T06:57:00.000Z,2020-08-03T07:43:26.000Z,,
44151,2020-11-16,6:55:00,7:16:03,2020-11-16T,06:55:00.000Z,07:16:03.000Z,2020-11-16T06:55:00.000Z,2020-11-16T07:16:03.000Z,,
44088,2020-09-14,9:14:00,10:17:42,2020-09-14T,09:14:00.000Z,10:17:42.000Z,2020-09-14T09:14:00.000Z,2020-09-14T10:17:42.000Z,,
44040,2020-07-28,7:22:00,8:07:07,2020-07-28T,07:22:00.000Z,08:07:07.000Z,2020-07-28T07:22:00.000Z,2020-07-28T08:07:07.000Z,,
43918,2020-03-28,14:29:00,16:27:46,2020-03-28T,14:29:00.000Z,16:27:46.000Z,2020-03-28T14:29:00.000Z,2020-03-28T16:27:46.000Z,,
44100,2020-09-26,2:45:00,4:38:52,2020-09-26T,02:45:00.000Z,04:38:52.000Z,2020-09-26T02:45:00.000Z,2020-09-26T04:38:52.000Z,,
43854,2020-01-24,0:41:00,1:16:13,2020-01-24T,00:41:00.000Z,01:16:13.000Z,2020-01-24T00:41:00.000Z,2020-01-24T01:16:13.000Z,,
44099,2020-09-25,6:13:00,7:43:13,2020-09-25T,06:13:00.000Z,07:43:13.000Z,2020-09-25T06:13:00.000Z,2020-09-25T07:43:13.000Z,,
44002,2020-06-20,7:21:00,9:39:41,2020-06-20T,07:21:00.000Z,09:39:41.000Z,2020-06-20T07:21:00.000Z,2020-06-20T09:39:41.000Z,,
44012,2020-06-30,2:01:00,2:13:30,2020-06-30T,02:01:00.000Z,02:13:30.000Z,2020-06-30T02:01:00.000Z,2020-06-30T02:13:30.000Z,,
44052,2020-08-09,19:47:00,20:23:12,2020-08-09T,19:47:00.000Z,20:23:12.000Z,2020-08-09T19:47:00.000Z,2020-08-09T20:23:12.000Z,,
44134,2020-10-30,7:46:00,8:33:55,2020-10-30T,07:46:00.000Z,08:33:55.000Z,2020-10-30T07:46:00.000Z,2020-10-30T08:33:55.000Z,,
44138,2020-11-03,19:28:00,19:53:22,2020-11-03T,19:28:00.000Z,19:53:22.000Z,2020-11-03T19:28:00.000Z,2020-11-03T19:53:22.000Z,,
44012,2020-06-30,15:51:00,17:09:58,2020-06-30T,15:51:00.000Z,17:09:58.000Z,2020-06-30T15:51:00.000Z,2020-06-30T17:09:58.000Z,,
44100,2020-09-26,6:23:00,7:47:14,2020-09-26T,06:23:00.000Z,07:47:14.000Z,2020-09-26T06:23:00.000Z,2020-09-26T07:47:14.000Z,,
44142,2020-11-07,16:20:00,17:43:59,2020-11-07T,16:20:00.000Z,17:43:59.000Z,2020-11-07T16:20:00.000Z,2020-11-07T17:43:59.000Z,,
44064,2020-08-21,6:35:00,7:45:03,2020-08-21T,06:35:00.000Z,07:45:03.000Z,2020-08-21T06:35:00.000Z,2020-08-21T07:45:03.000Z,,
43895,2020-03-05,22:09:00,23:10:42,2020-03-05T,22:09:00.000Z,23:10:42.000Z,2020-03-05T22:09:00.000Z,2020-03-05T23:10:42.000Z,,
43866,2020-02-05,3:09:00,3:46:59,2020-02-05T,03:09:00.000Z,03:46:59.000Z,2020-02-05T03:09:00.000Z,2020-02-05T03:46:59.000Z,,
43846,2020-01-16,8:37:00,8:50:21,2020-01-16T,08:37:00.000Z,08:50:21.000Z,2020-01-16T08:37:00.000Z,2020-01-16T08:50:21.000Z,,
44040,2020-07-28,3:26:00,4:25:49,2020-07-28T,03:26:00.000Z,04:25:49.000Z,2020-07-28T03:26:00.000Z,2020-07-28T04:25:49.000Z,,
43945,2020-04-24,7:27:00,9:06:28,2020-04-24T,07:27:00.000Z,09:06:28.000Z,2020-04-24T07:27:00.000Z,2020-04-24T09:06:28.000Z,,
43895,2020-03-05,9:08:00,10:57:38,2020-03-05T,09:08:00.000Z,10:57:38.000Z,2020-03-05T09:08:00.000Z,2020-03-05T10:57:38.000Z,,
44054,2020-08-11,20:53:00,22:50:39,2020-08-11T,20:53:00.000Z,22:50:39.000Z,2020-08-11T20:53:00.000Z,2020-08-11T22:50:39.000Z,,
43981,2020-05-30,17:45:00,18:29:40,2020-05-30T,17:45:00.000Z,18:29:40.000Z,2020-05-30T17:45:00.000Z,2020-05-30T18:29:40.000Z,,
43964,2020-05-13,12:37:00,13:51:13,2020-05-13T,12:37:00.000Z,13:51:13.000Z,2020-05-13T12:37:00.000Z,2020-05-13T13:51:13.000Z,,
43869,2020-02-08,14:20:00,14:52:22,2020-02-08T,14:20:00.000Z,14:52:22.000Z,2020-02-08T14:20:00.000Z,2020-02-08T14:52:22.000Z,,
44120,2020-10-16,16:29:00,17:28:41,2020-10-16T,16:29:00.000Z,17:28:41.000Z,2020-10-16T16:29:00.000Z,2020-10-16T17:28:41.000Z,,
43855,2020-01-25,11:36:00,12:59:32,2020-01-25T,11:36:00.000Z,12:59:32.000Z,2020-01-25T11:36:00.000Z,2020-01-25T12:59:32.000Z,,